[
{"Constellation":"Aquarius","img":"https://img.pngio.com/aquarius-constellation-on-a-beautiful-starry-night-background-aquarius-constellation-png-1920_1080.png","C_link":"//en.wikipedia.org/wiki/Andromeda_Galaxy"},
{"Constellation":"Aries","img":"https://ak2.picdn.net/shutterstock/videos/19478482/thumb/10.jpg","C_link":"Bayldon"},
{"Constellation":"Cancer","img":"https://d2v9y0dukr6mq2.cloudfront.net/video/thumbnail/0kjHIH6/cancer-constellation-on-a-beautiful-starry-night-background_rfppbaeh_thumbnail-full11.png","C_link":"Bayldon"},
{"Constellation":"Gemini","img":"https://res.cloudinary.com/jerrick/image/upload/f_auto,fl_progressive,q_auto,c_fit,w_680/cxjyb9dpfpxxgawmjuel","C_link":"Bayldon"},
{"Constellation":"Capricon","img":"https://wallpaperaccess.com/full/1114293.png","C_link":"Bayldon"},
{"Constellation":"Cancer","img":"https://ak.picdn.net/shutterstock/videos/19478488/thumb/10.jpg","C_link":"Bayldon"},
{"Constellation":"Taurus","img":"https://st3.depositphotos.com/5623324/15797/v/600/depositphotos_157975158-stock-video-taurus-constellation-on-a-beautiful.jpg","C_link":"Bayldon"},
{"Constellation":"Scorpio","img":"https://wallpaperaccess.com/full/1276923.jpg","C_link":"Bayldon"},
{"Constellation":"Shubham","img":"https://d2v9y0dukr6mq2.cloudfront.net/video/thumbnail/0kjHIH6/sagittarius-constellation-on-a-beautiful-starry-night-background_htd18zz2_thumbnail-full09.png","C_link":"Bayldon"},
{"Constellation":"leo","img":"https://s3.envato.com/files/0aa9b5bd-ba22-4c02-938f-9f4fff6af997/inline_image_preview.jpg","C_link":"Bayldon"},
{"Constellation":"Libra","img":"https://d2v9y0dukr6mq2.cloudfront.net/video/thumbnail/0kjHIH6/libra-constellation-on-a-beautiful-starry-night-background_s_hwhxwn_thumbnail-full09.png","C_link":"Bayldon"},
{"Constellation":"Virgo","img":"https://d2v9y0dukr6mq2.cloudfront.net/video/thumbnail/0kjHIH6/zodiac-virgo-star-constellation-forming-in-glowing-light_hvgpsdg-2_thumbnail-full06.png","C_link":"Bayldon"},
{"Constellation":"Pisces","img":"https://d2v9y0dukr6mq2.cloudfront.net/video/thumbnail/0kjHIH6/zodiac-pisces-star-constellation-forming-in-glowing-light_rospmmw3_thumbnail-full05.png","C_link":"Iohananof"}]