[{"Constellation":"Suspendisse ornare consequat lectus. In est risus, auctor sed, tristique in, tempus sit amet, sem. Fusce consequat. Nulla nisl. Nunc nisl. Duis bibendum, felis sed interdum venenatis, turpis enim blandit mi, in porttitor pede justo eu massa.","img":"http://dummyimage.com/151x100.png/cc0000/ffffff","C_link":"Dellenbrok"},
{"Constellation":"Curabitur at ipsum ac tellus semper interdum. Mauris ullamcorper purus sit amet nulla. Quisque arcu libero, rutrum ac, lobortis vel, dapibus at, diam.","img":"http://dummyimage.com/164x100.png/dddddd/000000","C_link":"Gimlet"},
{"Constellation":"Morbi non quam nec dui luctus rutrum. Nulla tellus. In sagittis dui vel nisl.","img":"http://dummyimage.com/231x100.png/ff4444/ffffff","C_link":"McAlindon"},
{"Constellation":"Aliquam quis turpis eget elit sodales scelerisque. Mauris sit amet eros. Suspendisse accumsan tortor quis turpis. Sed ante. Vivamus tortor. Duis mattis egestas metus. Aenean fermentum. Donec ut mauris eget massa tempor convallis. Nulla neque libero, convallis eget, eleifend luctus, ultricies eu, nibh.","img":"http://dummyimage.com/144x100.png/dddddd/000000","C_link":"Paxton"},
{"Constellation":"Phasellus in felis. Donec semper sapien a libero. Nam dui. Proin leo odio, porttitor id, consequat in, consequat ut, nulla. Sed accumsan felis. Ut at dolor quis odio consequat varius. Integer ac leo.","img":"http://dummyimage.com/107x100.png/cc0000/ffffff","C_link":"Britner"},
{"Constellation":"Nunc rhoncus dui vel sem. Sed sagittis. Nam congue, risus semper porta volutpat, quam pede lobortis ligula, sit amet eleifend pede libero quis orci. Nullam molestie nibh in lectus. Pellentesque at nulla. Suspendisse potenti. Cras in purus eu magna vulputate luctus.","img":"http://dummyimage.com/186x100.png/cc0000/ffffff","C_link":"Gartrell"},
{"Constellation":"Donec diam neque, vestibulum eget, vulputate ut, ultrices vel, augue. Vestibulum ante ipsum primis in faucibus orci luctus et ultrices posuere cubilia Curae; Donec pharetra, magna vestibulum aliquet ultrices, erat tortor sollicitudin mi, sit amet lobortis sapien sapien non mi. Integer ac neque. Duis bibendum. Morbi non quam nec dui luctus rutrum. Nulla tellus. In sagittis dui vel nisl. Duis ac nibh.","img":"http://dummyimage.com/109x100.png/5fa2dd/ffffff","C_link":"Shorbrook"},
{"Constellation":"Duis at velit eu est congue elementum. In hac habitasse platea dictumst. Morbi vestibulum, velit id pretium iaculis, diam erat fermentum justo, nec condimentum neque sapien placerat ante. Nulla justo. Aliquam quis turpis eget elit sodales scelerisque. Mauris sit amet eros. Suspendisse accumsan tortor quis turpis. Sed ante.","img":"http://dummyimage.com/151x100.png/5fa2dd/ffffff","C_link":"Sealy"},
{"Constellation":"Proin leo odio, porttitor id, consequat in, consequat ut, nulla. Sed accumsan felis. Ut at dolor quis odio consequat varius. Integer ac leo. Pellentesque ultrices mattis odio. Donec vitae nisi. Nam ultrices, libero non mattis pulvinar, nulla pede ullamcorper augue, a suscipit nulla elit ac nulla. Sed vel enim sit amet nunc viverra dapibus. Nulla suscipit ligula in lacus. Curabitur at ipsum ac tellus semper interdum.","img":"http://dummyimage.com/169x100.png/ff4444/ffffff","C_link":"Halsey"},
{"Constellation":"Maecenas ut massa quis augue luctus tincidunt. Nulla mollis molestie lorem.","img":"http://dummyimage.com/173x100.png/5fa2dd/ffffff","C_link":"Plackstone"},
{"Constellation":"Nullam orci pede, venenatis non, sodales sed, tincidunt eu, felis.","img":"http://dummyimage.com/204x100.png/dddddd/000000","C_link":"Debell"},
{"Constellation":"Vestibulum ac est lacinia nisi venenatis tristique. Fusce congue, diam id ornare imperdiet, sapien urna pretium nisl, ut volutpat sapien arcu sed augue. Aliquam erat volutpat. In congue.","img":"http://dummyimage.com/100x100.png/dddddd/000000","C_link":"Pedrazzi"},
{"Constellation":"In sagittis dui vel nisl.","img":"http://dummyimage.com/154x100.png/5fa2dd/ffffff","C_link":"Neary"},
{"Constellation":"Lorem ipsum dolor sit amet, consectetuer adipiscing elit. Proin interdum mauris non ligula pellentesque ultrices. Phasellus id sapien in sapien iaculis congue. Vivamus metus arcu, adipiscing molestie, hendrerit at, vulputate vitae, nisl. Aenean lectus. Pellentesque eget nunc. Donec quis orci eget orci vehicula condimentum. Curabitur in libero ut massa volutpat convallis. Morbi odio odio, elementum eu, interdum eu, tincidunt in, leo. Maecenas pulvinar lobortis est.","img":"http://dummyimage.com/232x100.png/cc0000/ffffff","C_link":"Battill"},
{"Constellation":"Morbi quis tortor id nulla ultrices aliquet. Maecenas leo odio, condimentum id, luctus nec, molestie sed, justo. Pellentesque viverra pede ac diam. Cras pellentesque volutpat dui. Maecenas tristique, est et tempus semper, est quam pharetra magna, ac consequat metus sapien ut nunc. Vestibulum ante ipsum primis in faucibus orci luctus et ultrices posuere cubilia Curae; Mauris viverra diam vitae quam. Suspendisse potenti. Nullam porttitor lacus at turpis.","img":"http://dummyimage.com/146x100.png/cc0000/ffffff","C_link":"McCullagh"},
{"Constellation":"Morbi vestibulum, velit id pretium iaculis, diam erat fermentum justo, nec condimentum neque sapien placerat ante. Nulla justo.","img":"http://dummyimage.com/249x100.png/dddddd/000000","C_link":"Campanelle"},
{"Constellation":"Nulla nisl. Nunc nisl. Duis bibendum, felis sed interdum venenatis, turpis enim blandit mi, in porttitor pede justo eu massa. Donec dapibus. Duis at velit eu est congue elementum. In hac habitasse platea dictumst. Morbi vestibulum, velit id pretium iaculis, diam erat fermentum justo, nec condimentum neque sapien placerat ante. Nulla justo. Aliquam quis turpis eget elit sodales scelerisque. Mauris sit amet eros.","img":"http://dummyimage.com/127x100.png/ff4444/ffffff","C_link":"Musk"},
{"Constellation":"Proin eu mi. Nulla ac enim. In tempor, turpis nec euismod scelerisque, quam turpis adipiscing lorem, vitae mattis nibh ligula nec sem. Duis aliquam convallis nunc. Proin at turpis a pede posuere nonummy. Integer non velit. Donec diam neque, vestibulum eget, vulputate ut, ultrices vel, augue. Vestibulum ante ipsum primis in faucibus orci luctus et ultrices posuere cubilia Curae; Donec pharetra, magna vestibulum aliquet ultrices, erat tortor sollicitudin mi, sit amet lobortis sapien sapien non mi. Integer ac neque. Duis bibendum.","img":"http://dummyimage.com/162x100.png/5fa2dd/ffffff","C_link":"Cicculi"},
{"Constellation":"Maecenas tincidunt lacus at velit. Vivamus vel nulla eget eros elementum pellentesque. Quisque porta volutpat erat.","img":"http://dummyimage.com/150x100.png/dddddd/000000","C_link":"Mundee"},
{"Constellation":"Praesent blandit lacinia erat. Vestibulum sed magna at nunc commodo placerat. Praesent blandit. Nam nulla. Integer pede justo, lacinia eget, tincidunt eget, tempus vel, pede. Morbi porttitor lorem id ligula. Suspendisse ornare consequat lectus. In est risus, auctor sed, tristique in, tempus sit amet, sem. Fusce consequat. Nulla nisl.","img":"http://dummyimage.com/236x100.png/5fa2dd/ffffff","C_link":"Bunnell"}]