[{"Constellation":"Vestibulum.","img":"http://dummyimage.com/250x100.png/ff4444/ffffff","C_link":"Howsin"},
{"Constellation":"Aries","img":"http://dummyimage.com/136x100.png/ff4444/ffffff","C_link":"Bayldon"},
{"Constellation":"Cancer","img":"http://dummyimage.com/136x100.png/ff4444/ffffff","C_link":"Bayldon"},
{"Constellation":"Cancer","img":"http://dummyimage.com/136x100.png/ff4444/ffffff","C_link":"Bayldon"},
{"Constellation":"Cancer","img":"http://dummyimage.com/136x100.png/ff4444/ffffff","C_link":"Bayldon"},
{"Constellation":"Cancer","img":"http://dummyimage.com/136x100.png/ff4444/ffffff","C_link":"Bayldon"},
{"Constellation":"Cancer","img":"http://dummyimage.com/136x100.png/ff4444/ffffff","C_link":"Bayldon"},
{"Constellation":"Cancer","img":"http://dummyimage.com/136x100.png/ff4444/ffffff","C_link":"Bayldon"},
{"Constellation":"Etiam .","img":"http://dummyimage.com/118x100.png/ff4444/ffffff","C_link":"Tomblings"}]