[{"Constellation":"Andromeda Galaxy","img":"http://3.bp.blogspot.com/-rxmTRrD0w_M/VmmywIbF3HI/AAAAAAAAw-k/sJWSHG8VXlM/s1600/Andromeda-Galaxy-Wallpaper-HD-15.jpg","C_link":"https://en.wikipedia.org/wiki/Andromeda_Galaxy"},
    {"Constellation":"Andromeda Galaxy","img":"http://www.brownspaceman.com/wp-content/uploads/2013/09/ngc4038_russell_2925.jpg","C_link":"https://en.wikipedia.org/wiki/Andromeda_Galaxy"},
    {"Constellation":"Antennae Galaxies","img":"https://i.pinimg.com/originals/ee/b5/46/eeb546c4452e408214c491224558fc1b.jpg","C_link":"https://en.wikipedia.org/wiki/Andromeda_Galaxy"},
    {"Constellation":"Backward Galaxy","img":"http://3.bp.blogspot.com/-rxmTRrD0w_M/VmmywIbF3HI/AAAAAAAAw-k/sJWSHG8VXlM/s1600/Andromeda-Galaxy-Wallpaper-HD-15.jpg","C_link":"https://en.wikipedia.org/wiki/Andromeda_Galaxy"},
    {"Constellation":"Black Eye Galaxy","img":"http://3.bp.blogspot.com/-rxmTRrD0w_M/VmmywIbF3HI/AAAAAAAAw-k/sJWSHG8VXlM/s1600/Andromeda-Galaxy-Wallpaper-HD-15.jpg","C_link":"https://en.wikipedia.org/wiki/Andromeda_Galaxy"},
    {"Constellation":"Bode's Galaxy","img":"http://3.bp.blogspot.com/-rxmTRrD0w_M/VmmywIbF3HI/AAAAAAAAw-k/sJWSHG8VXlM/s1600/Andromeda-Galaxy-Wallpaper-HD-15.jpg","C_link":"https://en.wikipedia.org/wiki/Andromeda_Galaxy"},
    {"Constellation":"Butterfly Galaxies","img":"http://3.bp.blogspot.com/-rxmTRrD0w_M/VmmywIbF3HI/AAAAAAAAw-k/sJWSHG8VXlM/s1600/Andromeda-Galaxy-Wallpaper-HD-15.jpg","C_link":"https://en.wikipedia.org/wiki/Andromeda_Galaxy"},
    {"Constellation":"Cartwheel Galaxy","img":"http://3.bp.blogspot.com/-rxmTRrD0w_M/VmmywIbF3HI/AAAAAAAAw-k/sJWSHG8VXlM/s1600/Andromeda-Galaxy-Wallpaper-HD-15.jpg","C_link":"https://en.wikipedia.org/wiki/Andromeda_Galaxy"},
    {"Constellation":"Cigar Galaxy","img":"http://3.bp.blogspot.com/-rxmTRrD0w_M/VmmywIbF3HI/AAAAAAAAw-k/sJWSHG8VXlM/s1600/Andromeda-Galaxy-Wallpaper-HD-15.jpg","C_link":"https://en.wikipedia.org/wiki/Andromeda_Galaxy"},
    {"Constellation":"Circinus Galaxy","img":"http://3.bp.blogspot.com/-rxmTRrD0w_M/VmmywIbF3HI/AAAAAAAAw-k/sJWSHG8VXlM/s1600/Andromeda-Galaxy-Wallpaper-HD-15.jpg","C_link":"https://en.wikipedia.org/wiki/Andromeda_Galaxy"},
    {"Constellation":"Coma Pinwheel Galaxy","img":"http://3.bp.blogspot.com/-rxmTRrD0w_M/VmmywIbF3HI/AAAAAAAAw-k/sJWSHG8VXlM/s1600/Andromeda-Galaxy-Wallpaper-HD-15.jpg","C_link":"https://en.wikipedia.org/wiki/Andromeda_Galaxy"},
    {"Constellation":"Comet Galaxy","img":"http://3.bp.blogspot.com/-rxmTRrD0w_M/VmmywIbF3HI/AAAAAAAAw-k/sJWSHG8VXlM/s1600/Andromeda-Galaxy-Wallpaper-HD-15.jpg","C_link":"https://en.wikipedia.org/wiki/Andromeda_Galaxy"},
    {"Constellation":"Cosmos Redshift 7","img":"http://3.bp.blogspot.com/-rxmTRrD0w_M/VmmywIbF3HI/AAAAAAAAw-k/sJWSHG8VXlM/s1600/Andromeda-Galaxy-Wallpaper-HD-15.jpg","C_link":"https://en.wikipedia.org/wiki/Andromeda_Galaxy"},
    {"Constellation":"Eye of Sauron","img":"http://3.bp.blogspot.com/-rxmTRrD0w_M/VmmywIbF3HI/AAAAAAAAw-k/sJWSHG8VXlM/s1600/Andromeda-Galaxy-Wallpaper-HD-15.jpg","C_link":"https://en.wikipedia.org/wiki/Andromeda_Galaxy"},
    {"Constellation":"Fireworks Galaxy","img":"http://3.bp.blogspot.com/-rxmTRrD0w_M/VmmywIbF3HI/AAAAAAAAw-k/sJWSHG8VXlM/s1600/Andromeda-Galaxy-Wallpaper-HD-15.jpg","C_link":"https://en.wikipedia.org/wiki/Andromeda_Galaxy"},
    {"Constellation":"Hockey Stick Galaxies","img":"http://3.bp.blogspot.com/-rxmTRrD0w_M/VmmywIbF3HI/AAAAAAAAw-k/sJWSHG8VXlM/s1600/Andromeda-Galaxy-Wallpaper-HD-15.jpg","C_link":"https://en.wikipedia.org/wiki/Andromeda_Galaxy"},
    {"Constellation":"Hoag's Object","img":"http://3.bp.blogspot.com/-rxmTRrD0w_M/VmmywIbF3HI/AAAAAAAAw-k/sJWSHG8VXlM/s1600/Andromeda-Galaxy-Wallpaper-HD-15.jpg","C_link":"https://en.wikipedia.org/wiki/Andromeda_Galaxy"},
    {"Constellation":"Large Magellanic Cloud","img":"http://3.bp.blogspot.com/-rxmTRrD0w_M/VmmywIbF3HI/AAAAAAAAw-k/sJWSHG8VXlM/s1600/Andromeda-Galaxy-Wallpaper-HD-15.jpg","C_link":"https://en.wikipedia.org/wiki/Andromeda_Galaxy"},
    {"Constellation":"Lindsay-Shapley Ring","img":"http://3.bp.blogspot.com/-rxmTRrD0w_M/VmmywIbF3HI/AAAAAAAAw-k/sJWSHG8VXlM/s1600/Andromeda-Galaxy-Wallpaper-HD-15.jpg","C_link":"https://en.wikipedia.org/wiki/Andromeda_Galaxy"},
    {"Constellation":"Little Sombrero Galaxy","img":"http://3.bp.blogspot.com/-rxmTRrD0w_M/VmmywIbF3HI/AAAAAAAAw-k/sJWSHG8VXlM/s1600/Andromeda-Galaxy-Wallpaper-HD-15.jpg","C_link":"https://en.wikipedia.org/wiki/Andromeda_Galaxy"},
    {"Constellation":"Andromeda Galaxy","img":"http://3.bp.blogspot.com/-rxmTRrD0w_M/VmmywIbF3HI/AAAAAAAAw-k/sJWSHG8VXlM/s1600/Andromeda-Galaxy-Wallpaper-HD-15.jpg","C_link":"https://en.wikipedia.org/wiki/Andromeda_Galaxy"},
    {"Constellation":"Andromeda Galaxy","img":"http://3.bp.blogspot.com/-rxmTRrD0w_M/VmmywIbF3HI/AAAAAAAAw-k/sJWSHG8VXlM/s1600/Andromeda-Galaxy-Wallpaper-HD-15.jpg","C_link":"https://en.wikipedia.org/wiki/Andromeda_Galaxy"}
    

]