[
{"Constellation":"Aquarius","img":"https://img.pngio.com/aquarius-constellation-on-a-beautiful-starry-night-background-aquarius-constellation-png-1920_1080.png","C_link":"//en.wikipedia.org/wiki/Aquarius_(constellation)"},
{"Constellation":"Aries","img":"https://ak2.picdn.net/shutterstock/videos/19478482/thumb/10.jpg","C_link":"//en.wikipedia.org/wiki/Aries_(constellation)"},
{"Constellation":"Cancer","img":"https://d2v9y0dukr6mq2.cloudfront.net/video/thumbnail/0kjHIH6/cancer-constellation-on-a-beautiful-starry-night-background_rfppbaeh_thumbnail-full11.png","C_link":"//en.wikipedia.org/wiki/Cancer_%28constellation%29"},
{"Constellation":"Gemini","img":"https://res.cloudinary.com/jerrick/image/upload/f_auto,fl_progressive,q_auto,c_fit,w_680/cxjyb9dpfpxxgawmjuel","C_link":"//en.wikipedia.org/wiki/Gemini_(constellation)"},
{"Constellation":"Capricon","img":"https://wallpaperaccess.com/full/1114293.png","C_link":"//en.wikipedia.org/wiki/Capricornus"},
{"Constellation":"Taurus","img":"https://st3.depositphotos.com/5623324/15797/v/600/depositphotos_157975158-stock-video-taurus-constellation-on-a-beautiful.jpg","C_link":"//en.wikipedia.org/wiki/Taurus_(constellation)"},
{"Constellation":"Scorpio","img":"https://wallpaperaccess.com/full/1276923.jpg","C_link":"https://en.wikipedia.org/wiki/Scorpio_(astrology)#:~:text=Scorpio%20%20%20%20Zodiac%20symbol%20%20,%20%20Water%20%206%20more%20rows%20"},
{"Constellation":"sagittarius","img":"https://d2v9y0dukr6mq2.cloudfront.net/video/thumbnail/0kjHIH6/sagittarius-constellation-on-a-beautiful-starry-night-background_htd18zz2_thumbnail-full09.png","C_link":"//en.wikipedia.org/wiki/Sagittarius_(constellation)"},
{"Constellation":"leo","img":"https://s3.envato.com/files/0aa9b5bd-ba22-4c02-938f-9f4fff6af997/inline_image_preview.jpg","C_link":"//en.wikipedia.org/wiki/Leo_(constellation)"},
{"Constellation":"Libra","img":"https://d2v9y0dukr6mq2.cloudfront.net/video/thumbnail/0kjHIH6/libra-constellation-on-a-beautiful-starry-night-background_s_hwhxwn_thumbnail-full09.png","C_link":"//en.wikipedia.org/wiki/Libra_(constellation)"},
{"Constellation":"Virgo","img":"https://d2v9y0dukr6mq2.cloudfront.net/video/thumbnail/0kjHIH6/zodiac-virgo-star-constellation-forming-in-glowing-light_hvgpsdg-2_thumbnail-full06.png","C_link":"//en.wikipedia.org/wiki/Virgo_(constellation)"},
{"Constellation":"Pisces","img":"https://d2v9y0dukr6mq2.cloudfront.net/video/thumbnail/0kjHIH6/zodiac-pisces-star-constellation-forming-in-glowing-light_rospmmw3_thumbnail-full05.png","C_link":"//en.wikipedia.org/wiki/Pisces_(constellation)"}]