[

{"Constellation":"Polaris","img":"https://th.bing.com/th/id/OIP.LD_7e16UyeH0J53n6Y4yvwHaDq?w=314&h=173&c=7&o=5&dpr=1.12&pid=1.7","C_link":"https://en.wikipedia.org/wiki/Polaris"},
{"Constellation":"Sirius","img":"https://www.constellation-guide.com/wp-content/uploads/2014/06/Dog-Star-640x529.jpg","C_link":"https://en.wikipedia.org/wiki/Star_Sirius#:~:text=Star%20Sirius%20From%20Wikipedia%2C%20the%20free%20encyclopedia%20Star,Today%20it%20is%20known%20as%20the%20Hua%20Shan."},
{"Constellation":"Alpha Centauri","img":"https://th.bing.com/th/id/OIP.8drpg7ns-SOCWiRUzXB_FAHaDv?w=312&h=176&c=7&o=5&dpr=1.12&pid=1.7","C_link":"https://en.wikipedia.org/wiki/Alpha_Centauri_(horse)#:~:text=From%20Wikipedia%2C%20the%20free%20encyclopedia%20Alpha%20Centauri%20%28foaled,Stakes%2C%20Falmouth%20Stakes%20and%20Prix%20Jacques%20Le%20Marois."},
{"Constellation":"Betelgeuse","img":"https://th.bing.com/th/id/OIP.ugxkRa2k8XTE_bA0Tg-augHaEK?w=302&h=180&c=7&o=5&dpr=1.12&pid=1.7","C_link":"https://en.wikipedia.org/wiki/Betelgeuse"},
{"Constellation":"Rigel","img":"https://th.bing.com/th/id/OIP.cl4BwMDlFAszzlor6ZKmvwHaFp?w=237&h=180&c=7&o=5&dpr=1.12&pid=1.7","C_link":"https://en.wikipedia.org/wiki/Rigel#:~:text=From%20Wikipedia%2C%20the%20free%20encyclopedia%20For%20other%20uses%2C,Orion%2C%20approximately%20860%20light-years%20%28260%20pc%29%20from%20Earth."},
{"Constellation":"Vega","img":"https://th.bing.com/th/id/OIP.SyVJPPLAxg2ZOLz6RIZRDAHaHB?w=179&h=180&c=7&o=5&dpr=1.12&pid=1.7","C_link":"https://en.wikipedia.org/wiki/Vega"},
{"Constellation":"Antares","img":"https://th.bing.com/th/id/OIP.TWsFj_9YGXn8Z6SBLjkC4AHaE6?w=277&h=184&c=7&o=5&dpr=1.12&pid=1.7","C_link":"https://en.wikipedia.org/wiki/Antares#:~:text=Antares%20is%20a%20member%20of%20the%20Upper%20Scorpius,called%20%CE%B1%20Scorpii%20A%20and%20%CE%B1%20Scorpii%20B."},
{"Constellation":"Canopus","img":"https://th.bing.com/th/id/OIP.afSvuSXzKNdJhbs1eVAeHwHaEK?w=313&h=180&c=7&o=5&dpr=1.12&pid=1.7","C_link":"https://en.wikipedia.org/wiki/Canopus"},
{"Constellation":"Pleiades","img":"https://th.bing.com/th/id/OIP.HvR8RxBnqwMKmMuVNFRqKQHaEK?w=332&h=187&c=7&o=5&dpr=1.12&pid=1.7","C_link":"https://en.wikipedia.org/wiki/Pleiades_(supercomputer)#:~:text=Pleiades%20%28supercomputer%29%20From%20Wikipedia%2C%20the%20free%20encyclopedia%20Pleiades,located%20at%20Moffett%20Field%20near%20Mountain%20View%2C%20California."}]